indexA,indexB,area_ratio,street_pattern,p_walk,p_tpc,p_sitva,p_auto,p_moto,p_taxi,p_bike
0.0,12.0,0.9949182520355558,gridiron,0.721,0.017,0.128,0.05,0.066,0.017,0.0
1.0,15.0,0.9997465241761582,cul_de_sac,0.373,0.194,0.092,0.146,0.195,0.0,0.0
2.0,16.0,0.999156408192112,organico,0.258,0.337,0.056,0.153,0.099,0.01,0.013
3.0,17.0,0.9965597482226124,organico,0.464,0.27,0.097,0.015,0.108,0.015,0.03
4.0,18.0,0.9994408659220496,hibrido,0.08,0.063,0.075,0.589,0.09,0.009,0.003
5.0,19.0,0.9951937180250564,cul_de_sac,0.132,0.314,0.132,0.033,0.177,0.106,0.079
6.0,20.0,0.99389008225184,hibrido,0.332,0.0,0.266,0.0,0.335,0.0,0.066
7.0,21.0,0.9979587163079218,organico,0.071,0.61,0.0,0.034,0.285,0.0,0.0
8.0,24.0,0.9972324611858424,hibrido,0.402,0.271,0.136,0.064,0.086,0.006,0.014
9.0,25.0,0.9961273327986822,cul_de_sac,0.15,0.385,0.168,0.07,0.111,0.035,0.016
10.0,26.0,0.9990644843225036,organico,0.311,0.094,0.131,0.153,0.221,0.0,0.022
11.0,27.0,0.9917559407148198,cul_de_sac,0.767,0.0,0.153,0.0,0.022,0.057,0.0
12.0,28.0,0.9952763584454304,gridiron,0.241,0.295,0.034,0.107,0.241,0.08,0.0
13.0,29.0,0.9937186588231604,cul_de_sac,0.309,0.206,0.206,0.124,0.052,0.052,0.0
14.0,30.0,0.9940093974632797,hibrido,0.309,0.515,0.0,0.103,0.0,0.0,0.0
15.0,31.0,0.9967116039266456,hibrido,0.266,0.17,0.28,0.023,0.138,0.026,0.006
16.0,32.0,0.9962218715724224,organico,0.395,0.226,0.165,0.099,0.072,0.029,0.0
17.0,33.0,0.9961887365835344,organico,0.056,0.341,0.298,0.0,0.022,0.0,0.0
18.0,34.0,0.9930830295711072,organico,0.033,0.188,0.437,0.151,0.113,0.066,0.001
19.0,35.0,0.9966836646395956,gridiron,0.109,0.084,0.331,0.126,0.267,0.047,0.0
20.0,36.0,0.998396930652694,gridiron,0.31,0.146,0.152,0.182,0.109,0.038,0.014
21.0,37.0,0.9968436821534696,organico,0.0,0.205,0.267,0.104,0.424,0.0,0.0
22.0,38.0,0.9970008588464958,organico,0.412,0.162,0.152,0.069,0.069,0.069,0.0
23.0,39.0,0.998074608979875,organico,0.019,0.046,0.063,0.562,0.156,0.054,0.005
24.0,40.0,0.9958026107068292,cul_de_sac,0.688,0.0,0.208,0.0,0.104,0.0,0.0
25.0,41.0,0.998002829730406,cul_de_sac,0.169,0.132,0.383,0.102,0.096,0.0,0.119
26.0,42.0,0.999433320123769,organico,0.211,0.295,0.097,0.096,0.106,0.008,0.009
27.0,43.0,0.995467053757989,cul_de_sac,0.0,0.076,0.458,0.076,0.153,0.153,0.051
28.0,44.0,0.994164003624021,gridiron,0.08,0.037,0.45,0.207,0.184,0.018,0.0
29.0,45.0,0.99698218436291,organico,0.372,0.145,0.186,0.052,0.146,0.005,0.025
30.0,46.0,0.9976321421454636,organico,0.571,0.2,0.114,0.0,0.057,0.057,0.0
31.0,47.0,0.9937272723946032,organico,0.496,0.103,0.062,0.059,0.094,0.089,0.0
32.0,48.0,0.9966912327798004,gridiron,0.114,0.076,0.116,0.41,0.067,0.086,0.034
33.0,49.0,0.9973216188916466,gridiron,0.171,0.152,0.228,0.176,0.144,0.073,0.012
34.0,50.0,0.9936124370839684,gridiron,0.243,0.159,0.12,0.088,0.162,0.078,0.0
35.0,51.0,0.9978115656359944,gridiron,0.167,0.233,0.167,0.12,0.188,0.042,0.021
36.0,52.0,0.9963486981962952,gridiron,0.463,0.286,0.036,0.041,0.097,0.053,0.0
37.0,53.0,0.9944797632846722,cul_de_sac,0.589,0.145,0.112,0.055,0.099,0.0,0.0
38.0,54.0,0.987451977766644,hibrido,0.386,0.2,0.182,0.0,0.126,0.018,0.0
39.0,55.0,0.9879844748751148,organico,0.711,0.171,0.039,0.0,0.079,0.0,0.0
40.0,56.0,0.9944714328970348,cul_de_sac,0.174,0.135,0.413,0.0,0.174,0.07,0.035
41.0,57.0,0.9910130398474456,organico,0.54,0.122,0.148,0.0,0.12,0.027,0.042
42.0,58.0,0.990572443294644,hibrido,0.153,0.469,0.323,0.0,0.0,0.0,0.0
43.0,59.0,0.99269174534271,organico,0.46,0.077,0.275,0.026,0.107,0.025,0.0
44.0,60.0,0.9920115093379844,gridiron,0.64,0.08,0.2,0.0,0.08,0.0,0.0
45.0,61.0,0.9940753711585932,gridiron,0.495,0.139,0.079,0.09,0.137,0.037,0.009
46.0,62.0,0.9925638290577674,organico,0.778,0.046,0.102,0.024,0.024,0.027,0.0
47.0,63.0,0.9934565327914194,gridiron,0.468,0.229,0.158,0.019,0.082,0.018,0.0
48.0,64.0,0.9946200198393798,gridiron,0.422,0.184,0.322,0.015,0.056,0.0,0.0
49.0,65.0,0.995860677078202,gridiron,0.51,0.128,0.117,0.06,0.13,0.033,0.005
50.0,66.0,0.99467795350187,organico,0.446,0.192,0.137,0.049,0.117,0.039,0.01
51.0,67.0,0.9922885821722744,gridiron,0.386,0.097,0.174,0.033,0.243,0.03,0.006
52.0,68.0,0.9856328025237246,hibrido,0.518,0.103,0.22,0.022,0.091,0.034,0.011
53.0,69.0,0.9962497715678909,organico,0.417,0.087,0.165,0.057,0.194,0.055,0.006
54.0,70.0,0.9914876233644084,gridiron,0.708,0.083,0.124,0.0,0.0,0.044,0.0
55.0,71.0,0.992565645440946,hibrido,0.421,0.206,0.196,0.045,0.131,0.0,0.0
56.0,72.0,0.9913260504080004,organico,0.568,0.158,0.158,0.042,0.0,0.04,0.0
57.0,73.0,0.9948902342676096,gridiron,0.508,0.21,0.188,0.0,0.065,0.03,0.0
58.0,74.0,0.9977583978167104,gridiron,0.374,0.012,0.43,0.061,0.123,0.0,0.0
59.0,75.0,0.9883566147625682,organico,0.419,0.06,0.281,0.0,0.198,0.042,0.0
60.0,76.0,0.9909963788150916,gridiron,0.441,0.124,0.248,0.031,0.124,0.0,0.0
61.0,77.0,0.984481493690553,gridiron,0.689,0.0,0.176,0.033,0.068,0.033,0.0
62.0,78.0,0.9828458996652838,organico,0.494,0.132,0.271,0.033,0.0,0.069,0.0
63.0,79.0,0.9909194754714784,organico,0.228,0.454,0.279,0.019,0.01,0.0,0.0
64.0,80.0,0.9863280001639648,organico,0.473,0.083,0.178,0.054,0.115,0.032,0.009
65.0,81.0,0.9967231290434008,gridiron,0.348,0.092,0.364,0.013,0.102,0.054,0.004
66.0,82.0,0.9970067571885644,gridiron,0.359,0.171,0.179,0.084,0.129,0.039,0.0
67.0,83.0,0.9952651420991242,organico,0.471,0.0,0.36,0.028,0.118,0.012,0.0
68.0,84.0,0.9954498183278312,gridiron,0.468,0.132,0.197,0.024,0.114,0.042,0.006
69.0,85.0,0.9976705210885471,gridiron,0.355,0.136,0.221,0.108,0.069,0.037,0.014
70.0,86.0,0.9977436272619886,gridiron,0.328,0.061,0.134,0.074,0.268,0.05,0.026
71.0,87.0,0.9963637595703442,hibrido,0.302,0.053,0.194,0.07,0.178,0.1,0.0
72.0,88.0,0.9927271633158556,gridiron,0.496,0.131,0.188,0.048,0.078,0.024,0.0
73.0,89.0,0.9945685739094184,gridiron,0.377,0.097,0.3,0.055,0.101,0.037,0.005
74.0,90.0,0.9894221462684524,gridiron,0.549,0.17,0.119,0.007,0.14,0.007,0.007
75.0,91.0,0.9847477013653032,cul_de_sac,0.649,0.089,0.159,0.0,0.088,0.015,0.0
76.0,92.0,0.9870594820334414,organico,0.424,0.153,0.102,0.085,0.219,0.0,0.0
77.0,93.0,0.9905624357603596,organico,0.357,0.205,0.322,0.0,0.029,0.088,0.0
78.0,94.0,0.9927622605281072,hibrido,0.366,0.024,0.465,0.021,0.083,0.042,0.0
79.0,95.0,0.9968543249938144,gridiron,0.288,0.074,0.228,0.166,0.174,0.07,0.0
80.0,96.0,0.997242701818874,gridiron,0.348,0.176,0.159,0.145,0.106,0.034,0.0
81.0,97.0,0.9935450405083204,gridiron,0.565,0.139,0.18,0.0,0.078,0.019,0.0
82.0,98.0,0.9890110660341462,cul_de_sac,0.537,0.132,0.201,0.0,0.108,0.022,0.0
83.0,99.0,0.9815352147661652,cul_de_sac,0.504,0.066,0.302,0.028,0.033,0.066,0.0
84.0,100.0,0.9980802738232678,cul_de_sac,0.5,0.25,0.25,0.0,0.0,0.0,0.0
85.0,101.0,0.9947031618334414,gridiron,0.569,0.139,0.169,0.031,0.078,0.013,0.0
86.0,102.0,0.996801116573293,organico,0.298,0.09,0.233,0.106,0.175,0.049,0.024
87.0,103.0,0.9910989093552748,organico,0.47,0.174,0.16,0.071,0.087,0.009,0.029
88.0,104.0,0.9998800321360912,gridiron,0.095,0.209,0.428,0.059,0.135,0.028,0.046
89.0,105.0,0.9969278715440004,organico,0.166,0.362,0.07,0.282,0.052,0.037,0.031
90.0,106.0,0.9971327146259564,gridiron,0.56,0.142,0.123,0.02,0.087,0.035,0.016
91.0,107.0,0.99271360716513,gridiron,0.493,0.164,0.088,0.021,0.193,0.021,0.0
92.0,108.0,0.9943895986691054,hibrido,0.439,0.084,0.225,0.014,0.185,0.04,0.0
93.0,109.0,0.990489745079668,gridiron,0.25,0.203,0.294,0.099,0.055,0.047,0.033
94.0,110.0,0.9965255137490528,gridiron,0.232,0.146,0.115,0.089,0.191,0.217,0.011
95.0,111.0,0.9918012191970148,gridiron,0.395,0.131,0.255,0.036,0.088,0.043,0.017
96.0,112.0,0.9962693968332892,gridiron,0.544,0.151,0.05,0.033,0.171,0.026,0.0
97.0,113.0,0.9961636040458072,gridiron,0.398,0.141,0.214,0.06,0.133,0.038,0.0
98.0,114.0,0.987215011755018,gridiron,0.547,0.055,0.176,0.03,0.133,0.04,0.0
99.0,115.0,0.9966037437388748,organico,0.569,0.183,0.157,0.018,0.029,0.029,0.0
100.0,116.0,0.9961091952428212,gridiron,0.464,0.158,0.182,0.007,0.13,0.033,0.02
101.0,117.0,0.9947124096046612,hibrido,0.358,0.0,0.478,0.164,0.0,0.0,0.0
102.0,118.0,0.9902560117603184,hibrido,0.402,0.052,0.261,0.086,0.08,0.076,0.043
103.0,119.0,0.9935893537929812,organico,0.247,0.387,0.198,0.058,0.079,0.032,0.0
104.0,120.0,0.9913115688439644,organico,0.552,0.171,0.144,0.01,0.094,0.01,0.01
105.0,121.0,0.9953398257747484,gridiron,0.295,0.213,0.107,0.134,0.114,0.053,0.0
106.0,122.0,0.997158264601396,organico,0.191,0.263,0.145,0.104,0.132,0.095,0.041
107.0,123.0,0.9969334878706506,gridiron,0.042,0.448,0.131,0.154,0.149,0.052,0.012
108.0,124.0,0.9944569171748014,gridiron,0.093,0.385,0.07,0.117,0.216,0.063,0.023
109.0,125.0,0.99717814990554,gridiron,0.078,0.272,0.23,0.096,0.179,0.107,0.003
110.0,126.0,0.9963856807344224,organico,0.534,0.146,0.093,0.045,0.11,0.043,0.0
111.0,127.0,0.9956631374272572,hibrido,0.321,0.161,0.223,0.091,0.085,0.076,0.0
112.0,128.0,0.9819374790157248,organico,0.456,0.308,0.1,0.008,0.108,0.0,0.021
113.0,129.0,0.9974660944054224,gridiron,0.334,0.281,0.119,0.078,0.115,0.035,0.0
114.0,130.0,0.9837985819413472,gridiron,0.564,0.0,0.0,0.0,0.436,0.0,0.0
115.0,131.0,0.9962184421754215,cul_de_sac,0.095,0.285,0.112,0.117,0.296,0.032,0.0
116.0,132.0,0.9985871296077842,gridiron,0.13,0.419,0.088,0.112,0.152,0.057,0.02
117.0,133.0,0.995242696837247,gridiron,0.516,0.325,0.032,0.011,0.001,0.066,0.01
118.0,134.0,0.994176105355867,cul_de_sac,0.0,0.0,0.0,0.0,1.0,0.0,0.0
119.0,135.0,0.993019736500043,gridiron,0.4,0.25,0.044,0.111,0.146,0.022,0.0
120.0,136.0,0.997165148471681,gridiron,0.144,0.292,0.176,0.119,0.097,0.086,0.028
121.0,137.0,0.9979318039343974,gridiron,0.468,0.155,0.1,0.07,0.142,0.025,0.0
122.0,138.0,0.9948072722514624,gridiron,0.139,0.113,0.073,0.421,0.168,0.053,0.0
123.0,139.0,0.9971655033700876,organico,0.186,0.206,0.072,0.201,0.148,0.128,0.003
124.0,140.0,0.9958948875931384,hibrido,0.36,0.215,0.077,0.11,0.14,0.057,0.007
125.0,141.0,0.9970734516786562,gridiron,0.325,0.161,0.156,0.099,0.176,0.031,0.0
126.0,142.0,0.9961414895475728,gridiron,0.495,0.166,0.094,0.051,0.122,0.029,0.003
127.0,143.0,0.9984673723433404,gridiron,0.36,0.231,0.142,0.064,0.103,0.033,0.013
128.0,144.0,0.9939565710532078,gridiron,0.289,0.323,0.083,0.043,0.202,0.026,0.008
129.0,145.0,0.9941997735426936,cul_de_sac,0.168,0.246,0.031,0.154,0.14,0.191,0.0
130.0,146.0,0.9995410200833154,organico,0.253,0.13,0.035,0.041,0.282,0.0,0.025
131.0,147.0,0.9969365190273236,gridiron,0.28,0.083,0.3,0.126,0.134,0.041,0.0
132.0,148.0,0.9960546637012784,gridiron,0.18,0.152,0.173,0.358,0.058,0.017,0.061
133.0,149.0,0.997044316762119,organico,0.19,0.088,0.129,0.262,0.177,0.037,0.01
134.0,150.0,0.9880223952264494,gridiron,0.228,0.116,0.211,0.156,0.096,0.14,0.029
135.0,151.0,0.9968713866992684,gridiron,0.225,0.071,0.121,0.261,0.146,0.164,0.0
136.0,152.0,0.9937242506353532,cul_de_sac,0.722,0.103,0.071,0.0,0.071,0.028,0.0
137.0,153.0,0.9963352633305786,organico,0.395,0.164,0.099,0.091,0.126,0.044,0.007
138.0,154.0,0.9999999859955064,gridiron,0.61,0.127,0.098,0.066,0.036,0.0,0.006
139.0,155.0,0.98126695864436,organico,0.616,0.096,0.079,0.017,0.13,0.017,0.02
140.0,156.0,0.9945769063025236,organico,0.515,0.062,0.113,0.085,0.197,0.028,0.0
141.0,157.0,0.9953394390672586,cul_de_sac,0.432,0.103,0.226,0.045,0.136,0.058,0.0
142.0,158.0,0.994733353492202,gridiron,0.339,0.144,0.126,0.123,0.183,0.021,0.013
143.0,159.0,0.9996590923856506,hibrido,0.094,0.178,0.213,0.267,0.171,0.054,0.006
144.0,160.0,0.9994623061038814,gridiron,0.342,0.216,0.098,0.097,0.118,0.076,0.023
145.0,161.0,0.997751450069116,gridiron,0.467,0.114,0.117,0.076,0.167,0.047,0.007
146.0,162.0,0.996444502390439,gridiron,0.445,0.124,0.106,0.103,0.141,0.038,0.007
147.0,163.0,0.9969210209043676,organico,0.324,0.152,0.157,0.102,0.145,0.045,0.02
148.0,164.0,0.9987900962019404,hibrido,0.353,0.144,0.092,0.171,0.12,0.037,0.006
149.0,165.0,0.9954492259931188,gridiron,0.249,0.18,0.152,0.181,0.135,0.072,0.012
150.0,166.0,0.9972143804270136,cul_de_sac,0.381,0.12,0.072,0.091,0.202,0.051,0.043
151.0,167.0,0.996812103322437,gridiron,0.292,0.233,0.205,0.11,0.07,0.066,0.0
152.0,168.0,0.9983529292622648,hibrido,0.29,0.279,0.1,0.104,0.148,0.012,0.007
153.0,169.0,0.9962560930893464,gridiron,0.169,0.02,0.564,0.032,0.215,0.0,0.0
154.0,170.0,0.9981882357860872,gridiron,0.289,0.316,0.065,0.149,0.084,0.07,0.005
155.0,171.0,0.9955907120000732,gridiron,0.384,0.167,0.236,0.053,0.104,0.022,0.017
156.0,172.0,0.9977940344114206,gridiron,0.329,0.219,0.125,0.109,0.129,0.057,0.005
157.0,173.0,0.9960209017700256,gridiron,0.533,0.16,0.142,0.033,0.093,0.011,0.019
158.0,174.0,0.9982230524401318,gridiron,0.18,0.233,0.171,0.14,0.133,0.049,0.005
159.0,175.0,0.9973096880024688,organico,0.411,0.111,0.231,0.077,0.107,0.023,0.011
160.0,176.0,0.9972728581458522,gridiron,0.378,0.227,0.156,0.074,0.112,0.035,0.002
161.0,177.0,0.9974438358320116,cul_de_sac,0.455,0.227,0.091,0.0,0.182,0.0,0.0
162.0,178.0,0.9957252035940176,organico,0.283,0.307,0.147,0.051,0.111,0.015,0.0
163.0,179.0,0.9944224567831668,organico,0.546,0.134,0.147,0.054,0.059,0.029,0.029
164.0,180.0,0.9908080120733048,gridiron,0.411,0.137,0.084,0.097,0.151,0.074,0.005
165.0,181.0,0.9947368823419144,organico,0.475,0.104,0.046,0.091,0.2,0.0,0.042
166.0,182.0,0.9954858573110478,gridiron,0.449,0.166,0.088,0.096,0.171,0.0,0.005
167.0,183.0,0.9955591114748192,gridiron,0.495,0.126,0.072,0.053,0.211,0.021,0.008
168.0,184.0,0.9920308623241672,organico,0.344,0.191,0.197,0.04,0.228,0.0,0.0
169.0,185.0,0.9998830935603984,hibrido,0.123,0.073,0.302,0.153,0.28,0.068,0.0
170.0,186.0,0.9945545691340684,gridiron,0.059,0.231,0.0,0.197,0.096,0.182,0.091
171.0,187.0,0.9950956141145776,gridiron,0.379,0.177,0.082,0.174,0.168,0.0,0.0
172.0,188.0,0.9929263853762916,gridiron,0.351,0.218,0.111,0.099,0.089,0.046,0.0
173.0,189.0,0.98935838910172,organico,0.539,0.153,0.24,0.0,0.0,0.0,0.0
174.0,190.0,0.9949394627873732,organico,0.406,0.201,0.147,0.045,0.182,0.0,0.014
175.0,191.0,0.9919747074154428,gridiron,0.112,0.074,0.35,0.241,0.203,0.014,0.007
176.0,192.0,0.997905997378008,organico,0.177,0.041,0.072,0.405,0.046,0.039,0.0
177.0,193.0,0.9933689658694494,gridiron,0.235,0.08,0.149,0.143,0.133,0.105,0.0
178.0,194.0,0.9951463259534572,gridiron,0.224,0.294,0.144,0.13,0.106,0.04,0.047
179.0,195.0,0.9969663612913908,gridiron,0.168,0.366,0.176,0.101,0.123,0.05,0.011
180.0,196.0,0.9925060264257088,gridiron,0.151,0.371,0.208,0.083,0.148,0.025,0.006
181.0,197.0,0.9954004131211984,gridiron,0.096,0.423,0.317,0.058,0.072,0.03,0.0
182.0,198.0,0.993721846429402,gridiron,0.082,0.391,0.144,0.141,0.177,0.034,0.0
183.0,199.0,0.9972187428522572,gridiron,0.218,0.329,0.086,0.104,0.139,0.058,0.035
184.0,200.0,0.9954393153050298,gridiron,0.036,0.228,0.265,0.241,0.152,0.056,0.01
185.0,201.0,0.9955739543829748,gridiron,0.189,0.196,0.293,0.108,0.171,0.026,0.015
186.0,202.0,0.9967706552201472,gridiron,0.17,0.46,0.154,0.071,0.071,0.062,0.0
187.0,203.0,0.996990799155022,gridiron,0.065,0.313,0.242,0.12,0.176,0.064,0.02
188.0,204.0,0.99113397817383,gridiron,0.084,0.315,0.21,0.198,0.107,0.053,0.011
189.0,205.0,0.9951007275561726,gridiron,0.079,0.205,0.279,0.327,0.11,0.0,0.0
190.0,206.0,0.998521987441263,gridiron,0.06,0.211,0.326,0.155,0.179,0.05,0.0
191.0,207.0,0.999297404578863,gridiron,0.093,0.418,0.055,0.155,0.189,0.077,0.004
192.0,208.0,0.9991321207742302,organico,0.104,0.41,0.245,0.055,0.146,0.025,0.006
193.0,209.0,0.990431897653221,gridiron,0.148,0.172,0.168,0.113,0.369,0.0,0.0
194.0,210.0,0.9917023568916776,gridiron,0.096,0.27,0.232,0.119,0.195,0.083,0.002
195.0,211.0,0.9974644703889288,organico,0.062,0.321,0.15,0.301,0.126,0.0,0.016
196.0,212.0,0.9977013657163628,gridiron,0.263,0.2,0.105,0.188,0.086,0.129,0.006
197.0,213.0,0.9962942743655628,gridiron,0.311,0.176,0.029,0.26,0.013,0.07,0.016
198.0,214.0,0.9972084746160992,gridiron,0.213,0.16,0.193,0.158,0.208,0.046,0.007
199.0,215.0,0.9982617541739688,gridiron,0.204,0.29,0.036,0.259,0.145,0.066,0.0
200.0,216.0,0.9991876747167052,organico,0.245,0.193,0.066,0.287,0.013,0.117,0.024
201.0,217.0,0.9934531353936312,organico,0.224,0.126,0.101,0.302,0.122,0.091,0.005
202.0,218.0,0.9975312071924282,gridiron,0.234,0.194,0.099,0.285,0.131,0.037,0.0
203.0,219.0,0.9951989365619704,gridiron,0.232,0.205,0.199,0.143,0.131,0.048,0.037
204.0,220.0,0.998775472589419,gridiron,0.26,0.131,0.254,0.177,0.071,0.046,0.061
205.0,221.0,0.9960691395410254,gridiron,0.21,0.213,0.129,0.181,0.164,0.084,0.019
206.0,222.0,0.9943313932381596,gridiron,0.153,0.232,0.15,0.2,0.077,0.093,0.022
207.0,223.0,0.9970980453894844,gridiron,0.298,0.167,0.252,0.061,0.082,0.116,0.0
208.0,224.0,0.9985765842064284,gridiron,0.189,0.022,0.022,0.343,0.116,0.136,0.0
209.0,225.0,0.9965582080939758,gridiron,0.247,0.181,0.047,0.257,0.158,0.063,0.016
210.0,226.0,0.9934149278076247,gridiron,0.126,0.176,0.159,0.305,0.141,0.042,0.027
211.0,227.0,0.9955468509976024,gridiron,0.169,0.109,0.134,0.254,0.152,0.119,0.026
212.0,228.0,0.9981546439517972,gridiron,0.18,0.121,0.085,0.35,0.12,0.118,0.0
213.0,229.0,0.9978517402123724,gridiron,0.172,0.155,0.196,0.183,0.125,0.114,0.028
214.0,230.0,0.9954664668504032,gridiron,0.566,0.157,0.054,0.014,0.138,0.041,0.006
215.0,231.0,0.994902972846181,gridiron,0.294,0.196,0.159,0.078,0.231,0.021,0.0
216.0,232.0,0.9940517943149928,gridiron,0.464,0.185,0.026,0.091,0.196,0.018,0.018
217.0,233.0,0.9952863355757317,gridiron,0.384,0.146,0.139,0.088,0.131,0.046,0.0
218.0,234.0,0.9954046932412874,gridiron,0.542,0.171,0.034,0.073,0.105,0.039,0.0
219.0,235.0,0.9974269644487416,cul_de_sac,0.385,0.196,0.209,0.04,0.112,0.034,0.0
220.0,236.0,0.9950372919636298,organico,0.419,0.129,0.103,0.086,0.175,0.051,0.008
221.0,237.0,0.9983159316159936,gridiron,0.388,0.237,0.026,0.11,0.127,0.048,0.013
222.0,238.0,0.9958478438962388,gridiron,0.347,0.188,0.087,0.089,0.139,0.067,0.0
223.0,239.0,0.9930686000692016,gridiron,0.332,0.277,0.119,0.034,0.102,0.061,0.0
224.0,240.0,0.9964393855868732,gridiron,0.283,0.295,0.134,0.075,0.111,0.055,0.007
225.0,241.0,0.9988051397577372,gridiron,0.146,0.375,0.115,0.084,0.187,0.06,0.004
226.0,242.0,0.9951577913745118,gridiron,0.411,0.213,0.115,0.039,0.154,0.039,0.013
227.0,243.0,0.9944997599279056,organico,0.149,0.108,0.321,0.18,0.137,0.053,0.0
228.0,244.0,0.9965507649256844,gridiron,0.308,0.147,0.262,0.05,0.179,0.044,0.01
229.0,245.0,0.9988827271811156,gridiron,0.173,0.27,0.23,0.104,0.11,0.077,0.028
230.0,246.0,0.995972917248229,gridiron,0.225,0.306,0.174,0.042,0.111,0.107,0.006
231.0,247.0,0.9933841069897488,gridiron,0.149,0.343,0.106,0.186,0.091,0.09,0.008
232.0,248.0,0.9987188992891536,gridiron,0.155,0.373,0.171,0.124,0.084,0.082,0.003
233.0,249.0,0.9957039044333506,organico,0.113,0.451,0.197,0.088,0.098,0.041,0.009
234.0,250.0,0.9916276755179556,gridiron,0.326,0.294,0.171,0.027,0.028,0.112,0.022
235.0,251.0,0.9971001730058664,gridiron,0.114,0.202,0.2,0.263,0.119,0.075,0.002
236.0,252.0,0.9991122484677932,gridiron,0.014,0.259,0.46,0.136,0.107,0.011,0.0
237.0,253.0,0.9926278112223472,gridiron,0.227,0.219,0.248,0.077,0.13,0.066,0.029
238.0,254.0,0.9999280446853982,gridiron,0.149,0.212,0.257,0.164,0.148,0.03,0.0
239.0,255.0,0.995654027911144,gridiron,0.143,0.29,0.135,0.151,0.266,0.015,0.0
240.0,256.0,0.996239174608924,gridiron,0.096,0.386,0.283,0.076,0.1,0.042,0.01
241.0,257.0,0.99385290301316,gridiron,0.545,0.164,0.137,0.049,0.074,0.019,0.0
242.0,258.0,0.9948655399830636,organico,0.337,0.243,0.061,0.039,0.219,0.066,0.0
243.0,259.0,0.9980070936838544,organico,0.335,0.289,0.094,0.049,0.139,0.038,0.0
244.0,260.0,0.9960327092676168,organico,0.52,0.19,0.132,0.041,0.066,0.028,0.0
245.0,261.0,0.9940772699447556,cul_de_sac,0.293,0.376,0.174,0.0,0.14,0.0,0.0
246.0,262.0,0.9954658454898704,organico,0.225,0.304,0.091,0.094,0.214,0.02,0.004
247.0,263.0,0.992710607111218,organico,0.288,0.105,0.358,0.0,0.178,0.035,0.0
248.0,264.0,0.9959302975935548,organico,0.335,0.172,0.296,0.069,0.095,0.005,0.009
249.0,265.0,0.9929133559729986,cul_de_sac,0.592,0.029,0.171,0.018,0.116,0.0,0.0
250.0,266.0,0.993830614593195,organico,0.427,0.153,0.359,0.0,0.031,0.0,0.031
251.0,267.0,0.9910765986352588,hibrido,0.361,0.344,0.09,0.013,0.165,0.02,0.0
252.0,268.0,0.9953892679204992,organico,0.459,0.177,0.145,0.019,0.13,0.052,0.0
253.0,269.0,0.9928686889612368,hibrido,0.273,0.276,0.144,0.056,0.169,0.06,0.0
254.0,270.0,0.993252350051038,organico,0.585,0.243,0.049,0.029,0.061,0.02,0.0
255.0,271.0,0.9949516364850866,organico,0.447,0.192,0.133,0.015,0.093,0.042,0.02
256.0,272.0,0.9934179918665698,hibrido,0.324,0.123,0.161,0.13,0.114,0.055,0.0
257.0,273.0,0.9899993976373264,gridiron,0.413,0.206,0.124,0.064,0.054,0.064,0.0
258.0,274.0,0.9952214580623648,gridiron,0.3,0.232,0.14,0.106,0.129,0.08,0.006
259.0,275.0,0.9955479658483932,gridiron,0.396,0.2,0.133,0.077,0.11,0.056,0.005
260.0,276.0,0.9945646001974152,gridiron,0.396,0.214,0.084,0.059,0.195,0.023,0.0
261.0,277.0,0.9908574878247904,gridiron,0.235,0.303,0.131,0.04,0.192,0.08,0.01
262.0,278.0,0.9924987005695964,gridiron,0.247,0.225,0.082,0.139,0.219,0.043,0.0
263.0,279.0,0.9952619225548714,gridiron,0.407,0.192,0.061,0.12,0.152,0.019,0.012
264.0,280.0,0.9907040704174046,cul_de_sac,0.204,0.167,0.223,0.074,0.13,0.093,0.0
265.0,281.0,0.9933437732326422,hibrido,0.478,0.192,0.042,0.13,0.079,0.078,0.0
266.0,282.0,0.9980424937107336,gridiron,0.07,0.046,0.035,0.52,0.145,0.019,0.013
267.0,283.0,0.996761095443032,gridiron,0.319,0.105,0.253,0.086,0.061,0.07,0.021
268.0,284.0,0.9955862094067502,gridiron,0.265,0.14,0.068,0.26,0.091,0.108,0.016
269.0,285.0,0.9948273311444348,organico,0.375,0.252,0.143,0.029,0.135,0.027,0.01
270.0,286.0,0.9969210198720104,hibrido,0.25,0.206,0.108,0.212,0.137,0.036,0.0
271.0,287.0,0.9920674347858568,gridiron,0.26,0.146,0.235,0.11,0.083,0.03,0.051
272.0,288.0,0.9958712731279526,gridiron,0.36,0.138,0.237,0.092,0.102,0.033,0.0
273.0,289.0,0.9957494147204052,gridiron,0.316,0.113,0.135,0.174,0.138,0.049,0.023
274.0,290.0,0.9959124947327388,gridiron,0.236,0.216,0.026,0.307,0.136,0.034,0.013
275.0,291.0,0.9964384378587904,gridiron,0.052,0.219,0.097,0.414,0.064,0.07,0.0
276.0,292.0,0.9939109855180054,cul_de_sac,0.325,0.041,0.043,0.43,0.068,0.041,0.042
277.0,293.0,0.9953515538572348,cul_de_sac,0.337,0.211,0.126,0.115,0.084,0.0,0.084
278.0,294.0,0.9944444521932304,gridiron,0.416,0.054,0.277,0.084,0.069,0.027,0.031
279.0,295.0,0.9957949537064366,gridiron,0.335,0.072,0.236,0.105,0.125,0.05,0.013
280.0,296.0,0.9919822674796812,organico,0.441,0.143,0.059,0.097,0.184,0.044,0.0
281.0,297.0,0.9944760807002648,organico,0.239,0.242,0.078,0.077,0.09,0.204,0.0
282.0,298.0,0.9956860874819154,hibrido,0.45,0.108,0.222,0.036,0.097,0.049,0.017
283.0,299.0,0.9931500172492916,hibrido,0.537,0.106,0.097,0.026,0.146,0.025,0.029
284.0,300.0,0.996004670491202,cul_de_sac,0.547,0.094,0.165,0.007,0.143,0.007,0.022
285.0,301.0,0.9936079785138202,organico,0.317,0.067,0.23,0.089,0.16,0.027,0.008
286.0,302.0,0.9914955945708808,organico,0.404,0.206,0.226,0.017,0.103,0.009,0.0
287.0,303.0,0.9948535043463964,organico,0.013,0.089,0.006,0.765,0.055,0.052,0.0
288.0,304.0,0.9944717062375952,organico,0.016,0.039,0.048,0.706,0.04,0.087,0.0
289.0,305.0,0.9953739530802626,organico,0.017,0.06,0.022,0.629,0.094,0.074,0.0
290.0,306.0,0.995466743437531,organico,0.071,0.055,0.144,0.589,0.061,0.036,0.0
291.0,307.0,0.996406589606781,hibrido,0.069,0.06,0.012,0.62,0.069,0.052,0.0
292.0,308.0,0.9969293536085808,cul_de_sac,0.102,0.079,0.067,0.582,0.129,0.02,0.0
293.0,309.0,0.9965004723194582,organico,0.021,0.146,0.081,0.534,0.067,0.093,0.0
294.0,310.0,0.9951664551868392,hibrido,0.059,0.021,0.014,0.76,0.017,0.021,0.0
295.0,311.0,0.9951027623924336,gridiron,0.335,0.058,0.0,0.337,0.0,0.103,0.0
296.0,312.0,0.9926232817308244,gridiron,0.047,0.047,0.0,0.757,0.101,0.047,0.0
297.0,313.0,0.9953817470962334,organico,0.032,0.128,0.129,0.5,0.089,0.069,0.0
298.0,314.0,0.9954870118259564,hibrido,0.05,0.059,0.105,0.551,0.101,0.105,0.0
299.0,315.0,0.9955541338355204,organico,0.048,0.068,0.141,0.557,0.06,0.052,0.01
300.0,316.0,0.9943855804469696,hibrido,0.074,0.115,0.122,0.52,0.043,0.088,0.015
301.0,317.0,0.9922587845376144,organico,0.057,0.155,0.233,0.258,0.165,0.083,0.007
302.0,318.0,0.9952229858274536,gridiron,0.03,0.127,0.178,0.421,0.081,0.091,0.001
303.0,319.0,0.9951363976685464,hibrido,0.027,0.059,0.111,0.477,0.173,0.148,0.006
304.0,320.0,0.9969548880907856,hibrido,0.065,0.094,0.177,0.456,0.11,0.06,0.024
305.0,321.0,0.9928151302045652,organico,0.034,0.13,0.0,0.264,0.0,0.0,0.0
306.0,322.0,0.9982935721006616,gridiron,0.036,0.116,0.459,0.182,0.162,0.035,0.004
307.0,323.0,0.9949002564959972,gridiron,0.118,0.145,0.05,0.356,0.197,0.087,0.0
308.0,324.0,0.994404261229671,gridiron,0.037,0.129,0.261,0.416,0.104,0.048,0.0
309.0,325.0,0.9941500997646876,gridiron,0.079,0.195,0.23,0.289,0.138,0.053,0.007
310.0,326.0,0.9941655531622065,gridiron,0.105,0.137,0.216,0.311,0.104,0.057,0.009
311.0,327.0,0.994577224086818,gridiron,0.023,0.125,0.147,0.439,0.122,0.083,0.01
312.0,328.0,0.9973491623595304,gridiron,0.072,0.106,0.257,0.295,0.153,0.087,0.004
313.0,329.0,0.997166823820417,gridiron,0.084,0.111,0.139,0.397,0.174,0.08,0.0
314.0,330.0,0.9942653593964972,gridiron,0.052,0.077,0.395,0.226,0.2,0.023,0.006
315.0,331.0,0.9964490272848472,hibrido,0.013,0.187,0.138,0.411,0.14,0.052,0.015
316.0,332.0,0.9947249220433502,organico,0.146,0.174,0.207,0.163,0.197,0.063,0.0
317.0,333.0,0.993664615394274,organico,0.144,0.134,0.219,0.287,0.06,0.084,0.071
318.0,334.0,0.9955124271129104,gridiron,0.089,0.192,0.323,0.18,0.166,0.028,0.022
319.0,335.0,0.9986987601135064,gridiron,0.491,0.051,0.124,0.171,0.109,0.0,0.055
320.0,336.0,0.9991452219431952,gridiron,0.637,0.0,0.0,0.158,0.0,0.0,0.104
321.0,337.0,0.9965434403795124,gridiron,0.38,0.064,0.181,0.226,0.09,0.0,0.059
322.0,338.0,0.999112760924702,gridiron,0.052,0.234,0.131,0.181,0.328,0.027,0.017
323.0,339.0,0.9965645092160504,gridiron,0.176,0.265,0.133,0.122,0.192,0.034,0.035
324.0,340.0,0.9996590322814912,gridiron,0.061,0.338,0.286,0.172,0.138,0.0,0.004
325.0,341.0,0.9977818223276672,gridiron,0.18,0.196,0.146,0.152,0.176,0.034,0.027
326.0,342.0,0.9961728323784348,hibrido,0.033,0.224,0.261,0.101,0.311,0.021,0.0
327.0,343.0,0.9997601891042628,gridiron,0.318,0.171,0.137,0.141,0.131,0.034,0.018
328.0,344.0,0.9974897746886924,gridiron,0.128,0.227,0.167,0.226,0.203,0.01,0.02
329.0,345.0,0.9951464778277712,gridiron,0.085,0.188,0.068,0.365,0.086,0.141,0.066
330.0,346.0,0.9998865284839868,gridiron,0.266,0.266,0.074,0.305,0.0,0.089,0.0
331.0,347.0,0.9956274014611268,gridiron,0.472,0.061,0.263,0.009,0.055,0.061,0.0
332.0,348.0,0.9985849403374192,gridiron,0.152,0.121,0.216,0.213,0.061,0.116,0.0
333.0,349.0,0.9968606073419748,gridiron,0.085,0.168,0.19,0.282,0.156,0.065,0.039
334.0,350.0,0.9999734699280094,gridiron,0.403,0.129,0.119,0.087,0.177,0.029,0.058
335.0,351.0,0.9999997441802726,gridiron,0.53,0.117,0.0,0.043,0.195,0.059,0.056
336.0,352.0,0.9999428403001804,gridiron,0.221,0.275,0.137,0.029,0.162,0.072,0.043
337.0,353.0,0.9999604170650772,cul_de_sac,0.209,0.196,0.023,0.225,0.234,0.114,0.0
338.0,354.0,0.998126451524464,gridiron,0.311,0.231,0.022,0.171,0.133,0.03,0.023
339.0,355.0,0.9942629797926544,gridiron,0.109,0.08,0.036,0.613,0.074,0.058,0.0
340.0,356.0,0.9987109874982548,gridiron,0.196,0.052,0.251,0.228,0.048,0.042,0.014
341.0,357.0,0.997639180805962,gridiron,0.102,0.277,0.166,0.174,0.179,0.042,0.024
342.0,358.0,0.9951963202508723,hibrido,0.077,0.135,0.203,0.329,0.125,0.13,0.0
343.0,359.0,0.9982488131203222,gridiron,0.283,0.0,0.233,0.136,0.072,0.204,0.072
344.0,360.0,0.9847273707618776,gridiron,0.243,0.086,0.204,0.283,0.105,0.0,0.079
345.0,361.0,0.9932737691701128,gridiron,0.395,0.079,0.159,0.058,0.232,0.011,0.019
346.0,362.0,0.9981025924997023,gridiron,0.259,0.227,0.114,0.114,0.162,0.0,0.027
347.0,363.0,0.9965862642039472,gridiron,0.146,0.279,0.124,0.363,0.039,0.049,0.0
348.0,364.0,0.9948353851060534,organico,0.196,0.224,0.015,0.181,0.167,0.087,0.015
349.0,365.0,0.9944479760400908,gridiron,0.334,0.107,0.121,0.242,0.115,0.051,0.022
350.0,366.0,0.999053355681382,gridiron,0.437,0.092,0.132,0.096,0.142,0.043,0.016
351.0,367.0,0.9930623996827932,gridiron,0.282,0.073,0.175,0.143,0.213,0.07,0.0
352.0,368.0,0.9972278511423828,gridiron,0.45,0.035,0.139,0.113,0.205,0.056,0.0
353.0,369.0,0.9956380491426068,gridiron,0.27,0.235,0.102,0.176,0.13,0.049,0.013
354.0,370.0,0.9909005920321984,organico,0.255,0.509,0.139,0.028,0.069,0.0,0.0
355.0,371.0,0.9996638101622656,organico,0.385,0.131,0.091,0.024,0.309,0.033,0.004
356.0,372.0,0.999242541399001,organico,0.0,0.296,0.074,0.407,0.148,0.0,0.0
357.0,373.0,0.9966559137241806,hibrido,0.124,0.176,0.286,0.155,0.111,0.083,0.0
358.0,374.0,0.9950553179919402,organico,0.185,0.127,0.334,0.103,0.085,0.023,0.059
359.0,375.0,0.9994908998345564,hibrido,0.261,0.358,0.023,0.124,0.123,0.018,0.019
360.0,376.0,0.9991144142764724,organico,0.202,0.028,0.5,0.019,0.213,0.0,0.0
361.0,377.0,0.9957250324929584,cul_de_sac,0.349,0.419,0.0,0.0,0.0,0.231,0.0
362.0,378.0,0.9963273801196506,organico,0.42,0.241,0.087,0.089,0.108,0.025,0.01
363.0,379.0,0.9989201898385816,organico,0.276,0.172,0.389,0.016,0.087,0.038,0.005
364.0,380.0,0.998276780406612,organico,0.396,0.094,0.183,0.054,0.204,0.023,0.013
365.0,381.0,0.9992646349661324,organico,0.085,0.496,0.182,0.157,0.071,0.005,0.002
366.0,382.0,0.9966865109094364,hibrido,0.083,0.166,0.111,0.469,0.051,0.013,0.006
367.0,383.0,0.9929288803764584,cul_de_sac,0.028,0.139,0.056,0.547,0.028,0.0,0.078
368.0,384.0,0.9982748131707976,cul_de_sac,0.072,0.157,0.089,0.497,0.127,0.0,0.0
369.0,385.0,0.9996141690457532,organico,0.122,0.122,0.061,0.165,0.043,0.426,0.0
370.0,386.0,0.9994453806349056,organico,0.335,0.385,0.097,0.098,0.046,0.0,0.0
371.0,387.0,0.9960389289995588,gridiron,0.32,0.207,0.248,0.087,0.05,0.011,0.009
372.0,388.0,0.9944999780143002,hibrido,0.345,0.214,0.239,0.029,0.121,0.0,0.0
373.0,389.0,0.9971162972893334,cul_de_sac,0.388,0.209,0.19,0.033,0.13,0.002,0.009
374.0,390.0,0.9989493379708416,cul_de_sac,0.143,0.0,0.643,0.071,0.071,0.0,0.071
375.0,391.0,0.9997514319583805,organico,0.133,0.426,0.055,0.12,0.221,0.0,0.0
376.0,392.0,0.9971936728037962,gridiron,0.416,0.259,0.107,0.09,0.072,0.007,0.015
377.0,393.0,0.9946807179134896,organico,0.313,0.17,0.129,0.112,0.163,0.0,0.019
378.0,394.0,0.9985680733001144,organico,0.414,0.09,0.017,0.404,0.0,0.052,0.0
379.0,395.0,0.9995200294124984,organico,0.472,0.142,0.023,0.077,0.118,0.0,0.0
380.0,396.0,0.9990516804871924,hibrido,0.41,0.205,0.036,0.012,0.274,0.047,0.0
381.0,397.0,0.9999178250337754,organico,0.127,0.137,0.116,0.216,0.364,0.011,0.03
382.0,398.0,0.9999703230966572,organico,0.223,0.404,0.149,0.0,0.223,0.0,0.0
383.0,401.0,0.9997433511268672,cul_de_sac,0.126,0.212,0.198,0.162,0.302,0.0,0.0
384.0,402.0,0.9997707038685932,organico,0.565,0.1,0.13,0.07,0.069,0.0,0.013
385.0,403.0,0.999774253988498,organico,0.323,0.268,0.048,0.014,0.154,0.01,0.004
386.0,404.0,0.9996624609530326,organico,0.408,0.221,0.022,0.032,0.238,0.014,0.006
387.0,405.0,0.9998032872973284,organico,0.0,0.0,0.24,0.228,0.152,0.38,0.0
388.0,406.0,0.9997342552247972,organico,0.513,0.176,0.049,0.059,0.195,0.0,0.0
389.0,407.0,0.999173800511978,organico,0.349,0.073,0.0,0.166,0.166,0.0,0.0
390.0,408.0,0.9996270091148846,organico,0.253,0.111,0.145,0.229,0.242,0.019,0.0
391.0,409.0,0.9970085749054012,organico,0.237,0.32,0.067,0.08,0.217,0.0,0.019
392.0,410.0,0.9997069349899624,organico,0.196,0.343,0.098,0.0,0.315,0.0,0.0
393.0,411.0,0.9993197717124565,organico,0.38,0.22,0.101,0.078,0.144,0.027,0.007
394.0,412.0,0.9982542370590664,organico,0.429,0.175,0.138,0.009,0.181,0.038,0.0
395.0,413.0,0.995336587184989,organico,0.171,0.134,0.036,0.301,0.234,0.011,0.019
396.0,414.0,0.989410047253372,organico,0.348,0.143,0.053,0.042,0.259,0.061,0.082
397.0,415.0,0.997499969525782,gridiron,0.269,0.108,0.157,0.131,0.282,0.0,0.054
398.0,416.0,0.9960373391134104,gridiron,0.219,0.119,0.253,0.182,0.144,0.029,0.018
399.0,417.0,0.9973653054419508,hibrido,0.369,0.12,0.169,0.185,0.088,0.012,0.011
400.0,418.0,0.9939144280159624,cul_de_sac,0.5,0.214,0.214,0.0,0.0,0.071,0.0
401.0,419.0,0.9938592384776528,organico,0.212,0.258,0.243,0.118,0.099,0.019,0.002
402.0,420.0,0.9961899461982596,hibrido,0.036,0.163,0.098,0.104,0.111,0.09,0.0
403.0,421.0,0.9994528935636598,hibrido,0.151,0.278,0.016,0.074,0.207,0.0,0.0
404.0,422.0,0.9975571713040252,organico,0.064,0.058,0.11,0.1,0.662,0.005,0.0
405.0,423.0,0.9988847746955636,hibrido,0.467,0.095,0.098,0.191,0.128,0.007,0.006
406.0,424.0,0.998115698104516,hibrido,0.511,0.156,0.089,0.044,0.155,0.0,0.044
407.0,425.0,0.9988338690559644,organico,0.032,0.032,0.119,0.492,0.099,0.029,0.004
408.0,426.0,0.9968939135102036,gridiron,0.109,0.188,0.057,0.446,0.039,0.091,0.007
409.0,427.0,0.996397694923134,hibrido,0.188,0.085,0.087,0.33,0.09,0.049,0.01
410.0,428.0,0.9963262748046612,gridiron,0.119,0.151,0.21,0.323,0.059,0.039,0.018
411.0,429.0,0.9982768481313264,organico,0.286,0.167,0.084,0.215,0.119,0.022,0.016
412.0,430.0,0.9988874147155292,hibrido,0.169,0.109,0.124,0.348,0.11,0.07,0.01
413.0,431.0,0.9995287826832068,organico,0.076,0.039,0.066,0.351,0.142,0.003,0.012
414.0,432.0,0.9961054661745944,organico,0.062,0.046,0.027,0.685,0.1,0.0,0.0
415.0,433.0,0.9928700793461132,organico,0.34,0.374,0.107,0.042,0.085,0.008,0.0
416.0,434.0,0.9990686561131572,organico,0.049,0.135,0.089,0.539,0.14,0.0,0.0
417.0,435.0,0.9993852482728516,hibrido,0.055,0.0,0.0,0.606,0.05,0.0,0.0
418.0,436.0,0.9980012872458796,organico,0.36,0.189,0.165,0.075,0.151,0.035,0.009
419.0,437.0,0.9973985616933788,gridiron,0.132,0.07,0.155,0.229,0.183,0.171,0.025
420.0,438.0,0.9951483759073756,gridiron,0.151,0.421,0.077,0.015,0.222,0.0,0.033
421.0,439.0,0.9953958318514224,gridiron,0.2,0.236,0.055,0.326,0.043,0.04,0.036
422.0,440.0,0.9956425114735404,organico,0.317,0.169,0.091,0.135,0.122,0.057,0.031
423.0,441.0,0.9955641838641044,organico,0.158,0.278,0.095,0.079,0.039,0.0,0.0
424.0,442.0,0.9949046080636066,hibrido,0.238,0.314,0.076,0.297,0.0,0.0,0.0
425.0,443.0,0.992694260616138,organico,0.077,0.394,0.174,0.067,0.167,0.024,0.031
426.0,444.0,0.9928070145437888,organico,0.172,0.205,0.099,0.275,0.144,0.051,0.013
427.0,445.0,0.995817657656802,hibrido,0.193,0.128,0.133,0.351,0.069,0.062,0.005
428.0,446.0,0.9951836934154424,cul_de_sac,0.311,0.23,0.27,0.037,0.074,0.078,0.0
429.0,447.0,0.9915976566742596,organico,0.381,0.0,0.104,0.122,0.393,0.0,0.0
430.0,448.0,0.9954034342540788,organico,0.041,0.251,0.163,0.21,0.184,0.041,0.0
431.0,449.0,0.991838634499419,organico,0.444,0.343,0.039,0.039,0.039,0.0,0.058
432.0,450.0,0.9929237392460886,organico,0.492,0.238,0.067,0.025,0.172,0.0,0.0
433.0,451.0,0.9997708537462868,organico,0.28,0.385,0.059,0.073,0.147,0.0,0.028
434.0,452.0,0.9945827436649822,organico,0.602,0.151,0.129,0.002,0.087,0.015,0.0
435.0,453.0,0.9969730141280222,hibrido,0.409,0.256,0.087,0.081,0.101,0.043,0.004
436.0,454.0,0.9977318490097004,gridiron,0.466,0.25,0.094,0.027,0.118,0.025,0.002
437.0,455.0,0.9982169117304286,organico,0.449,0.207,0.085,0.0,0.111,0.033,0.033
438.0,456.0,0.9983643185677314,gridiron,0.562,0.156,0.109,0.05,0.059,0.014,0.004
439.0,457.0,0.999818450921921,organico,0.105,0.231,0.268,0.07,0.206,0.0,0.114
440.0,459.0,0.99528945701617,organico,0.0,0.385,0.328,0.142,0.093,0.052,0.0
441.0,461.0,0.9939326000993208,organico,0.627,0.167,0.072,0.019,0.057,0.019,0.019
442.0,462.0,0.9952353250251622,organico,0.097,0.055,0.176,0.406,0.113,0.034,0.013
443.0,463.0,0.9965797086072398,gridiron,0.06,0.158,0.326,0.249,0.123,0.066,0.008
444.0,464.0,0.9975137675490032,gridiron,0.07,0.168,0.484,0.102,0.13,0.033,0.01
445.0,465.0,0.9983235153409984,gridiron,0.246,0.158,0.182,0.098,0.171,0.08,0.012
446.0,466.0,0.9970637400169844,hibrido,0.321,0.122,0.108,0.181,0.126,0.075,0.011
447.0,467.0,0.9956144325894358,organico,0.128,0.217,0.147,0.202,0.112,0.055,0.001
448.0,468.0,0.9966462537990154,organico,0.093,0.082,0.091,0.487,0.063,0.015,0.011
449.0,469.0,0.9951394244521278,hibrido,0.363,0.214,0.104,0.062,0.157,0.029,0.022
450.0,470.0,0.9973872085009616,hibrido,0.476,0.079,0.246,0.016,0.07,0.082,0.0
451.0,471.0,0.997500046431575,hibrido,0.349,0.317,0.123,0.051,0.098,0.0,0.0
452.0,472.0,0.9994673447960704,organico,0.109,0.109,0.154,0.148,0.24,0.0,0.088
453.0,473.0,0.9944351195221004,hibrido,0.0,0.0,0.636,0.182,0.091,0.0,0.0
454.0,474.0,0.9960861553512412,hibrido,0.241,0.491,0.07,0.006,0.071,0.019,0.0
455.0,475.0,0.9985513770038664,organico,0.103,0.151,0.078,0.078,0.36,0.026,0.054
456.0,476.0,0.9965117761841038,organico,0.079,0.053,0.032,0.633,0.047,0.026,0.0
457.0,478.0,0.9976478366320646,organico,0.379,0.148,0.252,0.018,0.096,0.039,0.01
458.0,480.0,0.9953384711818724,organico,0.688,0.021,0.148,0.0,0.143,0.0,0.0
459.0,481.0,0.9941279369992944,organico,0.641,0.181,0.097,0.0,0.071,0.0,0.011
460.0,482.0,0.9982783944831968,organico,0.049,0.219,0.095,0.322,0.191,0.0,0.009
461.0,483.0,0.9977133216441508,organico,0.013,0.099,0.051,0.593,0.068,0.013,0.011
462.0,484.0,0.997371222463096,hibrido,0.443,0.261,0.151,0.031,0.101,0.004,0.0
463.0,485.0,0.996442434357154,cul_de_sac,0.313,0.0,0.318,0.369,0.0,0.0,0.0
464.0,486.0,0.9964448830780702,organico,0.0,0.028,0.08,0.877,0.015,0.0,0.0
465.0,487.0,0.9943834508101644,gridiron,0.355,0.277,0.104,0.132,0.072,0.008,0.001
466.0,488.0,0.9966643714664698,hibrido,0.446,0.216,0.135,0.08,0.084,0.014,0.0
467.0,489.0,0.9989924595396054,organico,0.267,0.149,0.265,0.106,0.106,0.027,0.0
468.0,490.0,0.992487676865802,organico,0.36,0.171,0.166,0.067,0.152,0.02,0.006
469.0,491.0,0.9931399763666576,organico,0.267,0.1,0.214,0.112,0.194,0.099,0.0
470.0,492.0,0.994323444620366,gridiron,0.356,0.1,0.197,0.04,0.186,0.065,0.032
471.0,493.0,0.9945800189949244,organico,0.426,0.11,0.204,0.195,0.041,0.0,0.0
472.0,494.0,0.9991157218670572,organico,0.241,0.076,0.41,0.026,0.099,0.021,0.0
473.0,495.0,0.9988939460145624,organico,0.433,0.035,0.368,0.033,0.058,0.033,0.008
474.0,496.0,0.9983357672672616,organico,0.351,0.114,0.245,0.077,0.111,0.073,0.013
475.0,497.0,0.983784942382065,cul_de_sac,0.0,0.0,0.0,0.0,0.0,0.0,0.0
476.0,498.0,0.9929478012484028,hibrido,0.468,0.21,0.07,0.032,0.128,0.024,0.04
477.0,499.0,0.9996210643939328,hibrido,0.635,0.0,0.07,0.07,0.226,0.0,0.0
478.0,500.0,0.988679555509042,organico,0.314,0.043,0.036,0.156,0.342,0.072,0.036
479.0,501.0,0.9970695505606488,hibrido,0.39,0.187,0.211,0.049,0.102,0.024,0.007
480.0,502.0,0.9932373456697704,gridiron,0.356,0.139,0.244,0.078,0.088,0.039,0.009
481.0,503.0,0.9975057518684118,gridiron,0.385,0.191,0.19,0.032,0.134,0.007,0.007
482.0,504.0,0.9968315380200083,hibrido,0.28,0.213,0.143,0.148,0.112,0.04,0.028
483.0,505.0,0.9975505414143636,gridiron,0.226,0.154,0.28,0.147,0.108,0.062,0.006
484.0,506.0,0.9973419367358272,organico,0.35,0.066,0.09,0.243,0.135,0.008,0.0
485.0,507.0,0.9996737619088216,organico,0.116,0.418,0.149,0.031,0.251,0.0,0.013
486.0,508.0,0.997845212911152,hibrido,0.314,0.212,0.23,0.042,0.152,0.013,0.003
487.0,509.0,0.994850393551566,organico,0.337,0.224,0.184,0.064,0.084,0.05,0.0
488.0,510.0,0.9982860184163722,organico,0.184,0.179,0.316,0.089,0.165,0.017,0.027
489.0,511.0,0.9983017197808288,organico,0.106,0.329,0.398,0.033,0.037,0.0,0.028
490.0,512.0,0.99557622528511,gridiron,0.456,0.153,0.182,0.044,0.085,0.029,0.021
491.0,513.0,0.9973690667771754,organico,0.203,0.213,0.167,0.135,0.162,0.014,0.001
492.0,514.0,0.9983640737249398,cul_de_sac,0.41,0.193,0.245,0.09,0.038,0.0,0.0
493.0,515.0,0.9949001281684668,hibrido,0.342,0.285,0.084,0.082,0.124,0.025,0.009
494.0,516.0,0.9887354401306232,cul_de_sac,0.474,0.105,0.25,0.013,0.105,0.026,0.013
495.0,517.0,0.99641589245128,cul_de_sac,0.425,0.223,0.024,0.018,0.27,0.0,0.0
496.0,518.0,0.9989318821373004,cul_de_sac,0.109,0.252,0.362,0.059,0.156,0.0,0.042
497.0,519.0,0.994800676654788,gridiron,0.469,0.105,0.096,0.128,0.127,0.032,0.01
498.0,520.0,0.9992003713709984,organico,0.095,0.357,0.452,0.0,0.071,0.0,0.024
499.0,521.0,0.9988134697218324,organico,0.08,0.239,0.222,0.104,0.107,0.131,0.025
500.0,522.0,0.9978301170111874,gridiron,0.072,0.092,0.272,0.186,0.203,0.029,0.0
501.0,523.0,0.9990137188278516,organico,0.18,0.0,0.105,0.548,0.075,0.0,0.0
502.0,524.0,0.9984640413763296,organico,0.519,0.249,0.125,0.018,0.089,0.0,0.0
503.0,525.0,0.9944954892945488,organico,0.493,0.345,0.085,0.0,0.07,0.0,0.0
504.0,526.0,0.999482574738464,organico,0.408,0.323,0.061,0.091,0.083,0.001,0.006
505.0,528.0,0.995817668119278,organico,0.426,0.164,0.115,0.075,0.117,0.041,0.021
506.0,529.0,0.9992367545585796,organico,0.261,0.057,0.049,0.074,0.103,0.0,0.025
507.0,530.0,0.9967101208803216,organico,0.213,0.14,0.281,0.077,0.141,0.022,0.019
508.0,531.0,0.9931848016061386,gridiron,0.326,0.181,0.191,0.121,0.101,0.024,0.0
509.0,532.0,0.999550781823686,organico,0.146,0.151,0.079,0.342,0.212,0.0,0.021
510.0,533.0,0.9994698882669406,organico,0.139,0.08,0.0,0.184,0.355,0.134,0.084
511.0,534.0,0.995589369930362,organico,0.045,0.019,0.045,0.714,0.08,0.057,0.0
512.0,535.0,0.9967084731758756,organico,0.264,0.219,0.179,0.123,0.157,0.023,0.014
